id,name,country,province,longitude,latitude,timezone
1,北京,China,北京,116.407526,39.90403,Asia/Shanghai
2,天津,China,天津,117.190182,39.1256,Asia/Shanghai
3,石家庄,China,河北,114.502061,38.045474,Asia/Shanghai
4,太原,China,山西,112.548879,37.87059,Asia/Shanghai
5,呼和浩特,China,内蒙古,111.75199,40.84262,Asia/Shanghai
6,沈阳,China,辽宁,123.431474,41.805698,Asia/Shanghai
7,长春,China,吉林,125.326844,43.886604,Asia/Shanghai
8,哈尔滨,China,黑龙江,126.634948,45.756967,Asia/Shanghai
9,上海,China,上海,121.473662,31.230416,Asia/Shanghai
10,南京,China,江苏,118.796877,32.060255,Asia/Shanghai
11,杭州,China,浙江,120.153576,30.287459,Asia/Shanghai
12,合肥,China,安徽,117.227239,31.820586,Asia/Shanghai
13,福州,China,福建,119.306273,26.074507,Asia/Shanghai
14,南昌,China,江西,115.857864,28.682892,Asia/Shanghai
15,济南,China,山东,117.000923,36.675807,Asia/Shanghai
16,郑州,China,河南,113.6401,34.74472,Asia/Shanghai
17,武汉,China,湖北,114.298572,30.584355,Asia/Shanghai
18,长沙,China,湖南,112.938814,28.228209,Asia/Shanghai
19,广州,China,广东,113.264385,23.12911,Asia/Shanghai
20,南宁,China,广西,108.366543,22.817422,Asia/Shanghai
21,海口,China,海南,110.33119,20.044412,Asia/Shanghai
22,重庆,China,重庆,106.504962,29.533155,Asia/Shanghai
23,成都,China,四川,104.065735,30.659462,Asia/Shanghai
24,贵阳,China,贵州,106.630153,26.647661,Asia/Shanghai
25,昆明,China,云南,102.712251,25.040609,Asia/Shanghai
26,拉萨,China,西藏,91.114497,29.648845,Asia/Shanghai
27,西安,China,陕西,108.948024,34.263161,Asia/Shanghai
28,兰州,China,甘肃,103.823305,36.064226,Asia/Shanghai
29,西宁,China,青海,101.778916,36.617089,Asia/Shanghai
30,银川,China,宁夏,106.230909,38.487193,Asia/Shanghai
31,乌鲁木齐,China,新疆,87.616848,43.82663,Asia/Shanghai
32,香港,China,香港,114.169361,22.319303,Asia/Shanghai
33,澳门,China,澳门,113.5439,22.198745,Asia/Shanghai
34,台北,China,台湾,121.565418,25.032969,Asia/Shanghai
35,深圳,China,广东,114.057868,22.543099,Asia/Shanghai
36,苏州,China,江苏,120.585316,31.298886,Asia/Shanghai
37,青岛,China,山东,120.38264,36.067108,Asia/Shanghai
38,宁波,China,浙江,121.54399,29.868336,Asia/Shanghai
39,东莞,China,广东,113.763366,23.043014,Asia/Shanghai
40,大连,China,辽宁,121.618622,38.91459,Asia/Shanghai
41,厦门,China,福建,118.089425,24.479834,Asia/Shanghai
42,无锡,China,江苏,120.31191,31.49117,Asia/Shanghai
43,佛山,China,广东,113.12192,23.021861,Asia/Shanghai
44,温州,China,浙江,120.690635,28.002838,Asia/Shanghai
45,唐山,China,河北,118.18345,39.65053,Asia/Shanghai
46,徐州,China,江苏,117.188106,34.271552,Asia/Shanghai
47,泉州,China,福建,118.589421,24.908854,Asia/Shanghai
48,常州,China,江苏,119.981861,31.771397,Asia/Shanghai
49,珠海,China,广东,113.576728,22.270978,Asia/Shanghai
50,绍兴,China,浙江,120.585316,30.030376,Asia/Shanghai
51,烟台,China,山东,121.447926,37.46387,Asia/Shanghai
52,嘉兴,China,浙江,120.75507,30.74618,Asia/Shanghai
53,洛阳,China,河南,112.45404,34.6202,Asia/Shanghai
54,南通,China,江苏,120.856394,31.979552,Asia/Shanghai
55,惠州,China,广东,114.416783,23.11075,Asia/Shanghai
56,高雄,China,台湾,120.301935,22.627278,Asia/Taipei
57,台中,China,台湾,120.673648,24.147736,Asia/Taipei
58,东京,Japan,,139.691706,35.689487,Asia/Tokyo
59,大阪,Japan,,135.502153,34.693737,Asia/Tokyo
60,横滨,Japan,,139.638,35.443707,Asia/Tokyo
61,名古屋,Japan,,136.906398,35.181446,Asia/Tokyo
62,札幌,Japan,,141.354467,43.062096,Asia/Tokyo
63,京都,Japan,,135.768029,35.011636,Asia/Tokyo
64,福冈,Japan,,130.401639,33.590354,Asia/Tokyo
65,首尔,South Korea,,126.978291,37.566535,Asia/Seoul
66,釜山,South Korea,,129.075556,35.179554,Asia/Seoul
67,仁川,South Korea,,126.705156,37.456255,Asia/Seoul
68,大邱,South Korea,,128.601445,35.871435,Asia/Seoul
69,平壤,North Korea,,125.762524,39.039219,Asia/Pyongyang
70,乌兰巴托,Mongolia,,106.917145,47.919893,Asia/Ulaanbaatar
71,新加坡,Singapore,,103.819836,1.352083,Asia/Singapore
72,曼谷,Thailand,,100.501765,13.756331,Asia/Bangkok
73,清迈,Thailand,,98.9853,18.788343,Asia/Bangkok
74,河内,Vietnam,,105.854444,21.028511,Asia/Hanoi
75,胡志明市,Vietnam,,106.629662,10.823099,Asia/Ho_Chi_Minh
76,岘港,Vietnam,,108.202824,16.047079,Asia/Ho_Chi_Minh
77,马尼拉,Philippines,,120.984219,14.599512,Asia/Manila
78,宿务,Philippines,,123.885437,10.315699,Asia/Manila
79,雅加达,Indonesia,,106.845599,-6.208764,Asia/Jakarta
80,泗水,Indonesia,,112.7506,-7.257472,Asia/Jakarta
81,万隆,Indonesia,,107.619123,-6.917464,Asia/Jakarta
82,吉隆坡,Malaysia,,101.686855,3.139003,Asia/Kuala_Lumpur
83,槟城,Malaysia,,100.332404,5.416393,Asia/Kuala_Lumpur
84,仰光,Myanmar,,96.156115,16.840441,Asia/Yangon
85,内比都,Myanmar,,96.173554,19.763306,Asia/Yangon
86,金边,Cambodia,,104.892166,11.544373,Asia/Phnom_Penh
87,万象,Laos,,102.603152,17.975647,Asia/Vientiane
88,斯里巴加湾,Brunei,,114.939821,4.943073,Asia/Brunei
89,帝力,East Timor,,125.57365,-8.555857,Asia/Dili
90,德里,India,,77.10249,28.704059,Asia/Kolkata
91,孟买,India,,72.877426,19.07609,Asia/Kolkata
92,班加罗尔,India,,77.594566,12.971599,Asia/Kolkata
93,海德拉巴,India,,78.486667,17.38405,Asia/Kolkata
94,艾哈迈达巴德,India,,72.571362,23.022505,Asia/Kolkata
95,金奈,India,,80.270716,13.08268,Asia/Kolkata
96,加尔各答,India,,88.363892,22.572645,Asia/Kolkata
97,浦那,India,,73.8567,18.52043,Asia/Kolkata
98,斋浦尔,India,,75.787309,26.912434,Asia/Kolkata
99,昌迪加尔,India,,76.779417,30.733315,Asia/Kolkata
100,达卡,Bangladesh,,90.412518,23.810332,Asia/Dhaka
101,吉大港,Bangladesh,,91.813672,22.356851,Asia/Dhaka
102,加德满都,Nepal,,85.32396,27.717245,Asia/Kathmandu
103,科伦坡,Sri Lanka,,79.861243,6.927079,Asia/Colombo
104,伊斯兰堡,Pakistan,,73.047886,33.684422,Asia/Karachi
105,卡拉奇,Pakistan,,67.082218,24.860735,Asia/Karachi
106,拉合尔,Pakistan,,74.32994,31.549701,Asia/Karachi
107,喀布尔,Afghanistan,,69.207486,34.555349,Asia/Kabul
108,坎大哈,Afghanistan,,65.695484,31.623185,Asia/Kabul
109,德黑兰,Iran,,51.401351,35.715298,Asia/Tehran
110,马什哈德,Iran,,59.606944,36.260462,Asia/Tehran
111,伊斯法罕,Iran,,51.676879,32.65722,Asia/Tehran
112,设拉子,Iran,,52.528561,29.591768,Asia/Tehran
113,大不里士,Iran,,46.291377,38.080834,Asia/Tehran
114,马累,Maldives,,73.509347,4.175496,Indian/Maldives
115,廷布,Bhutan,,89.638611,27.472792,Asia/Thimphu
116,迪拜,UAE,,55.270783,25.204849,Asia/Dubai
117,阿布扎比,UAE,,54.366669,24.466667,Asia/Dubai
118,利雅得,Saudi Arabia,,46.773056,24.68773,Asia/Riyadh
119,吉达,Saudi Arabia,,39.191454,21.543486,Asia/Riyadh
120,麦加,Saudi Arabia,,39.857792,21.42251,Asia/Riyadh
121,多哈,Qatar,,51.531159,25.285447,Asia/Qatar
122,马斯喀特,Oman,,58.405923,23.588031,Asia/Muscat
123,科威特城,Kuwait,,47.977405,29.375859,Asia/Kuwait
124,麦纳麦,Bahrain,,50.582381,26.228516,Asia/Bahrain
125,萨那,Yemen,,44.230445,15.355351,Asia/Aden
126,亚丁,Yemen,,45.036169,12.785496,Asia/Aden
127,巴格达,Iraq,,44.366087,33.312805,Asia/Baghdad
128,巴士拉,Iraq,,47.840594,30.508298,Asia/Baghdad
129,安曼,Jordan,,35.92889,31.951569,Asia/Amman
130,贝鲁特,Lebanon,,35.495859,33.88863,Asia/Beirut
131,大马士革,Syria,,36.27542,33.513807,Asia/Damascus
132,阿勒颇,Syria,,37.157964,36.202545,Asia/Damascus
133,耶路撒冷,Israel,,35.213712,31.768319,Asia/Jerusalem
134,特拉维夫,Israel,,34.781769,32.085299,Asia/Jerusalem
135,海法,Israel,,34.989571,32.794047,Asia/Jerusalem
136,伊斯坦布尔,Turkey,,28.978359,41.008238,Europe/Istanbul
137,安卡拉,Turkey,,32.854077,39.933363,Europe/Istanbul
138,伊兹密尔,Turkey,,27.142826,38.423733,Europe/Istanbul
139,布尔萨,Turkey,,29.056615,40.182929,Europe/Istanbul
140,安塔利亚,Turkey,,30.709511,36.884804,Europe/Istanbul
141,阿斯塔纳,Kazakhstan,,71.433587,51.169392,Asia/Almaty
142,阿拉木图,Kazakhstan,,76.9475,43.236392,Asia/Almaty
143,塔什干,Uzbekistan,,69.267719,41.299496,Asia/Tashkent
144,撒马尔罕,Uzbekistan,,66.974967,39.627124,Asia/Samarkand
145,阿什哈巴德,Turkmenistan,,58.383333,37.95,Asia/Ashgabat
146,比什凯克,Kyrgyzstan,,74.589611,42.876789,Asia/Bishkek
147,杜尚别,Tajikistan,,68.772635,38.565438,Asia/Dushanbe
148,尼科西亚,Cyprus,,33.382275,35.185566,Asia/Nicosia
149,伦敦,UK,,-0.127647,51.507351,Europe/London
150,曼彻斯特,UK,,-2.239476,53.480759,Europe/London
151,伯明翰,UK,,-1.893489,52.48574,Europe/London
152,利物浦,UK,,-2.991573,53.408371,Europe/London
153,格拉斯哥,UK,,-4.251806,55.864237,Europe/London
154,爱丁堡,UK,,-3.188267,55.953252,Europe/London
155,巴黎,France,,2.352222,48.856613,Europe/Paris
156,马赛,France,,5.369783,43.296483,Europe/Paris
157,里昂,France,,4.833206,45.764043,Europe/Paris
158,图卢兹,France,,1.445011,43.604263,Europe/Paris
159,波尔多,France,,-0.579179,44.837789,Europe/Paris
160,尼斯,France,,7.261953,43.710172,Europe/Paris
161,柏林,Germany,,13.405,52.520008,Europe/Berlin
162,汉堡,Germany,,9.993682,53.551086,Europe/Berlin
163,慕尼黑,Germany,,11.581981,48.135125,Europe/Berlin
164,科隆,Germany,,6.960279,50.937531,Europe/Berlin
165,法兰克福,Germany,,8.679596,50.110924,Europe/Berlin
166,斯图加特,Germany,,9.175992,48.775846,Europe/Berlin
167,杜塞尔多夫,Germany,,6.773456,51.227741,Europe/Berlin
168,罗马,Italy,,12.496247,41.902783,Europe/Rome
169,米兰,Italy,,9.185924,45.465422,Europe/Rome
170,那不勒斯,Italy,,14.268124,40.851775,Europe/Rome
171,都灵,Italy,,7.686856,45.070312,Europe/Rome
172,佛罗伦萨,Italy,,11.255814,43.769562,Europe/Rome
173,威尼斯,Italy,,12.315515,45.440847,Europe/Rome
174,马德里,Spain,,-3.70379,40.416775,Europe/Madrid
175,巴塞罗那,Spain,,2.173404,41.385064,Europe/Madrid
176,瓦伦西亚,Spain,,-0.379245,39.466665,Europe/Madrid
177,塞维利亚,Spain,,-5.984459,37.389092,Europe/Madrid
178,里斯本,Portugal,,-9.139337,38.722252,Europe/Lisbon
179,波尔图,Portugal,,-8.610071,41.14961,Europe/Lisbon
180,布鲁塞尔,Belgium,,4.35171,50.850346,Europe/Brussels
181,安特卫普,Belgium,,4.402464,51.219448,Europe/Brussels
182,阿姆斯特丹,Netherlands,,4.895168,52.370216,Europe/Amsterdam
183,鹿特丹,Netherlands,,4.47917,51.92442,Europe/Amsterdam
184,海牙,Netherlands,,4.299973,52.08045,Europe/Amsterdam
185,维也纳,Austria,,16.373064,48.208174,Europe/Vienna
186,苏黎世,Switzerland,,8.541694,47.376887,Europe/Zurich
187,日内瓦,Switzerland,,6.146596,46.204391,Europe/Zurich
188,伯尔尼,Switzerland,,7.447447,46.947975,Europe/Zurich
189,斯德哥尔摩,Sweden,,18.068581,59.329323,Europe/Stockholm
190,哥德堡,Sweden,,11.967044,57.70887,Europe/Stockholm
191,奥斯陆,Norway,,10.757933,59.911491,Europe/Oslo
192,卑尔根,Norway,,5.324383,60.391263,Europe/Oslo
193,哥本哈根,Denmark,,12.568337,55.676097,Europe/Copenhagen
194,赫尔辛基,Finland,,24.938379,60.169857,Europe/Helsinki
195,雷克雅未克,Iceland,,-21.8954,64.146582,Atlantic/Reykjavik
196,莫斯科,Russia,,37.617298,55.755825,Europe/Moscow
197,圣彼得堡,Russia,,30.335099,59.93428,Europe/Moscow
198,新西伯利亚,Russia,,82.92043,55.030204,Asia/Novosibirsk
199,叶卡捷琳堡,Russia,,60.597474,56.838926,Asia/Yekaterinburg
200,喀山,Russia,,49.122139,55.787659,Europe/Moscow
201,海参崴,Russia,,131.885063,43.115542,Asia/Vladivostok
202,伊尔库茨克,Russia,,104.292295,52.285483,Asia/Irkutsk
203,华沙,Poland,,21.012229,52.229676,Europe/Warsaw
204,克拉科夫,Poland,,19.944544,50.064651,Europe/Warsaw
205,布拉格,Czechia,,14.4378,50.075538,Europe/Prague
206,布达佩斯,Hungary,,19.040236,47.497913,Europe/Budapest
207,布加勒斯特,Romania,,26.102538,44.426767,Europe/Bucharest
208,索菲亚,Bulgaria,,23.321868,42.697708,Europe/Sofia
209,贝尔格莱德,Serbia,,20.448922,44.786568,Europe/Belgrade
210,萨格勒布,Croatia,,15.981919,45.815011,Europe/Zagreb
211,萨拉热窝,Bosnia and Herzegovina,,18.356442,43.856259,Europe/Sarajevo
212,卢布尔雅那,Slovenia,,14.504891,46.056947,Europe/Ljubljana
213,斯科普里,North Macedonia,,21.431358,41.997346,Europe/Skopje
214,波德戈里察,Montenegro,,19.260979,42.442575,Europe/Podgorica
215,地拉那,Albania,,19.81861,41.33224,Europe/Tirane
216,雅典,Greece,,23.727539,37.98381,Europe/Athens
217,塞萨洛尼基,Greece,,22.944419,40.640063,Europe/Athens
218,维尔纽斯,Lithuania,,25.279651,54.687156,Europe/Vilnius
219,里加,Latvia,,24.105186,56.949649,Europe/Riga
220,塔林,Estonia,,24.753574,59.436962,Europe/Tallinn
221,明斯克,Belarus,,27.561525,53.90454,Europe/Minsk
222,基辅,Ukraine,,30.523541,50.450001,Europe/Kyiv
223,哈尔科夫,Ukraine,,36.234347,49.992148,Europe/Kyiv
224,敖德萨,Ukraine,,30.733334,46.484302,Europe/Kyiv
225,基希讷乌,Moldova,,28.862109,47.010555,Europe/Chisinau
226,第比利斯,Georgia,,44.792301,41.715138,Asia/Tbilisi
227,埃里温,Armenia,,44.503006,40.179186,Asia/Yerevan
228,巴库,Azerbaijan,,49.867092,40.409262,Asia/Baku
229,都柏林,Ireland,,-6.260273,53.349805,Europe/Dublin
230,卢森堡,Luxembourg,,6.129583,49.611622,Europe/Luxembourg
231,摩纳哥,Monaco,,7.424616,43.738418,Europe/Monaco
232,瓦莱塔,Malta,,14.514701,35.89974,Europe/Malta
233,圣马力诺,San Marino,,12.447964,43.936084,Europe/San_Marino
234,梵蒂冈,Vatican City,,12.453889,41.902206,Europe/Vatican
235,列支敦士登,Liechtenstein,,9.555262,47.140014,Europe/Vaduz
236,安道尔,Andorra,,1.52009,42.507791,Europe/Andorra
237,纽约,USA,New York,-74.005941,40.712776,America/New_York
238,洛杉矶,USA,California,-118.243683,34.052235,America/Los_Angeles
239,芝加哥,USA,Illinois,-87.629798,41.878114,America/Chicago
240,休斯顿,USA,Texas,-95.369803,29.760193,America/Chicago
241,凤凰城,USA,Arizona,-112.074037,33.448377,America/Phoenix
242,费城,USA,Pennsylvania,-75.165222,39.952583,America/New_York
243,圣安东尼奥,USA,Texas,-98.493628,29.424122,America/Chicago
244,圣迭戈,USA,California,-117.161084,32.715738,America/Los_Angeles
245,达拉斯,USA,Texas,-96.796988,32.776664,America/Chicago
246,圣何塞,USA,California,-121.886328,37.338208,America/Los_Angeles
247,奥斯汀,USA,Texas,-97.743061,30.267153,America/Chicago
248,杰克逊维尔,USA,Florida,-81.655651,30.332184,America/New_York
249,旧金山,USA,California,-122.419418,37.774929,America/Los_Angeles
250,哥伦布,USA,Ohio,-82.998794,39.961176,America/New_York
251,夏洛特,USA,North Carolina,-80.843127,35.227087,America/New_York
252,印第安纳波利斯,USA,Indiana,-86.158068,39.768403,America/New_York
253,西雅图,USA,Washington,-122.332071,47.606209,America/Los_Angeles
254,丹佛,USA,Colorado,-104.990251,39.739236,America/Denver
255,波士顿,USA,Massachusetts,-71.05888,42.360082,America/New_York
256,纳什维尔,USA,Tennessee,-86.781602,36.162664,America/Chicago
257,巴尔的摩,USA,Maryland,-76.612189,39.290386,America/New_York
258,俄克拉荷马城,USA,Oklahoma,-97.516428,35.46756,America/Chicago
259,路易斯维尔,USA,Kentucky,-85.758456,38.252666,America/New_York
260,波特兰,USA,Oregon,-122.676483,45.523064,America/Los_Angeles
261,拉斯维加斯,USA,Nevada,-115.13983,36.169941,America/Los_Angeles
262,密尔沃基,USA,Wisconsin,-87.906474,43.038902,America/Chicago
263,阿尔伯克基,USA,New Mexico,-106.650422,35.085333,America/Denver
264,图森,USA,Arizona,-110.926479,32.221743,America/Phoenix
265,弗雷斯诺,USA,California,-119.772586,36.746842,America/Los_Angeles
266,萨克拉门托,USA,California,-121.4944,38.581572,America/Los_Angeles
267,长滩,USA,California,-118.189232,33.77005,America/Los_Angeles
268,堪萨斯城,USA,Missouri,-94.578567,39.099727,America/Chicago
269,亚特兰大,USA,Georgia,-84.387982,33.748995,America/New_York
270,迈阿密,USA,Florida,-80.19179,25.76168,America/New_York
271,华盛顿,USA,District of Columbia,-77.036873,38.907192,America/New_York
272,檀香山,USA,Hawaii,-157.858333,21.306944,Pacific/Honolulu
273,安克雷奇,USA,Alaska,-149.900278,61.218056,America/Anchorage
274,多伦多,Canada,Ontario,-79.383184,43.653226,America/Toronto
275,温哥华,Canada,British Columbia,-123.120736,49.28273,America/Vancouver
276,蒙特利尔,Canada,Quebec,-73.567256,45.501688,America/Toronto
277,卡尔加里,Canada,Alberta,-114.071883,51.044733,America/Edmonton
278,埃德蒙顿,Canada,Alberta,-113.493823,53.546124,America/Edmonton
279,渥太华,Canada,Ontario,-75.697193,45.42153,America/Toronto
280,温尼伯,Canada,Manitoba,-97.13996,49.895138,America/Winnipeg
281,魁北克城,Canada,Quebec,-71.208443,46.813878,America/Toronto
282,墨西哥城,Mexico,,-99.133208,19.432608,America/Mexico_City
283,坎昆,Mexico,,-86.851524,21.161908,America/Cancun
284,瓜达拉哈拉,Mexico,,-103.349609,20.659698,America/Mexico_City
285,蒙特雷,Mexico,,-100.316117,25.686614,America/Monterrey
286,蒂华纳,Mexico,,-117.0382,32.514947,America/Los_Angeles
287,普埃布拉,Mexico,,-98.206267,19.041297,America/Mexico_City
288,危地马拉城,Guatemala,,-90.532339,14.634915,America/Guatemala
289,贝尔莫潘,Belize,,-88.771731,17.251011,America/Belize
290,圣萨尔瓦多,El Salvador,,-89.205215,13.69294,America/El_Salvador
291,特古西加尔巴,Honduras,,-87.211936,14.072294,America/Tegucigalpa
292,马那瓜,Nicaragua,,-86.26775,12.114993,America/Managua
293,圣何塞,Costa Rica,,-84.08333,9.928069,America/Costa_Rica
294,巴拿马城,Panama,,-79.518792,8.982379,America/Panama
295,哈瓦那,Cuba,,-82.366596,23.113592,America/Havana
296,金斯敦,Jamaica,,-76.792557,18.01745,America/Jamaica
297,太子港,Haiti,,-72.338254,18.53927,America/Port-au-Prince
298,圣多明各,Dominican Republic,,-69.931212,18.486058,America/Santo_Domingo
299,拿骚,Bahamas,,-77.339081,25.03428,America/Nassau
300,圣胡安,Puerto Rico,,-66.10572,18.465539,America/Puerto_Rico
301,布里奇敦,Barbados,,-59.543198,13.113222,America/Barbados
302,西班牙港,Trinidad and Tobago,,-61.519182,10.654901,America/Port_of_Spain
303,圣保罗,Brazil,São Paulo,-46.633309,-23.55052,America/Sao_Paulo
304,里约热内卢,Brazil,Rio de Janeiro,-43.172896,-22.906847,America/Sao_Paulo
305,巴西利亚,Brazil,Distrito Federal,-47.864471,-15.797506,America/Sao_Paulo
306,萨尔瓦多,Brazil,Bahia,-38.498268,-12.971399,America/Bahia
307,福塔莱萨,Brazil,Ceará,-38.543376,-3.718394,America/Fortaleza
308,贝洛奥里藏特,Brazil,Minas Gerais,-43.938272,-19.916681,America/Sao_Paulo
309,马瑙斯,Brazil,Amazonas,-60.02505,-3.119028,America/Manaus
310,库里蒂巴,Brazil,Paraná,-49.273136,-25.428954,America/Sao_Paulo
311,累西腓,Brazil,Pernambuco,-34.881133,-8.047562,America/Recife
312,布宜诺斯艾利斯,Argentina,,-58.381592,-34.603684,America/Argentina/Buenos_Aires
313,科尔多瓦,Argentina,,-64.188776,-31.420083,America/Argentina/Cordoba
314,罗萨里奥,Argentina,,-60.652679,-32.94682,America/Argentina/Cordoba
315,圣地亚哥,Chile,,-70.64827,-33.448891,America/Santiago
316,瓦尔帕莱索,Chile,,-71.624784,-33.047238,America/Santiago
317,波哥大,Colombia,,-74.072092,4.710989,America/Bogota
318,麦德林,Colombia,,-75.571637,6.247637,America/Bogota
319,卡利,Colombia,,-76.532317,3.451647,America/Bogota
320,利马,Peru,,-77.042793,-12.046374,America/Lima
321,库斯科,Peru,,-71.967967,-13.516259,America/Lima
322,基多,Ecuador,,-78.467844,-0.180653,America/Guayaquil
323,瓜亚基尔,Ecuador,,-79.887209,-2.170997,America/Guayaquil
324,加拉加斯,Venezuela,,-66.903606,10.480594,America/Caracas
325,马拉开波,Venezuela,,-71.60019,10.654901,America/Caracas
326,拉巴斯,Bolivia,,-68.119293,-16.5,America/La_Paz
327,圣克鲁斯,Bolivia,,-63.1821,-17.787713,America/La_Paz
328,蒙得维的亚,Uruguay,,-56.164532,-34.901112,America/Montevideo
329,亚松森,Paraguay,,-57.600373,-25.286458,America/Asuncion
330,帕拉马里博,Suriname,,-55.16619,5.852036,America/Paramaribo
331,乔治敦,Guyana,,-58.155125,6.801279,America/Guyana
332,卡宴,French Guiana,,-52.318931,4.937154,America/Cayenne
333,开罗,Egypt,,31.235712,30.04442,Africa/Cairo
334,亚历山大,Egypt,,29.918739,31.200092,Africa/Cairo
335,吉萨,Egypt,,31.129449,30.010752,Africa/Cairo
336,拉各斯,Nigeria,,3.379206,6.524379,Africa/Lagos
337,阿布贾,Nigeria,,7.489956,9.057314,Africa/Lagos
338,伊巴丹,Nigeria,,3.911527,7.377536,Africa/Lagos
339,卡诺,Nigeria,,8.516554,11.997555,Africa/Lagos
340,内罗毕,Kenya,,36.821946,-1.292066,Africa/Nairobi
341,蒙巴萨,Kenya,,39.663334,-4.048528,Africa/Nairobi
342,亚的斯亚贝巴,Ethiopia,,38.75776,9.019191,Africa/Addis_Ababa
343,达累斯萨拉姆,Tanzania,,39.208328,-6.792354,Africa/Dar_es_Salaam
344,多多马,Tanzania,,35.749113,-6.162959,Africa/Dar_es_Salaam
345,约翰内斯堡,South Africa,,27.96933,-26.204103,Africa/Johannesburg
346,开普敦,South Africa,,18.424104,-33.924869,Africa/Johannesburg
347,比勒陀利亚,South Africa,,28.187005,-25.744857,Africa/Johannesburg
348,德班,South Africa,,31.02184,-29.85868,Africa/Johannesburg
349,拉巴特,Morocco,,-6.832617,34.020882,Africa/Casablanca
350,卡萨布兰卡,Morocco,,-7.589843,33.573109,Africa/Casablanca
351,马拉喀什,Morocco,,-8.013502,31.634604,Africa/Casablanca
352,阿尔及尔,Algeria,,3.086027,36.737232,Africa/Algiers
353,突尼斯,Tunisia,,10.16579,36.806495,Africa/Tunis
354,的黎波里,Libya,,13.185193,32.887209,Africa/Tripoli
355,阿克拉,Ghana,,-0.200166,5.56017,Africa/Accra
356,库马西,Ghana,,-1.622727,6.673189,Africa/Accra
357,阿比让,Côte d'Ivoire,,-4.031953,5.316666,Africa/Abidjan
358,达喀尔,Senegal,,-17.444601,14.692857,Africa/Dakar
359,巴马科,Mali,,-7.993427,12.639232,Africa/Bamako
360,瓦加杜古,Burkina Faso,,-1.530316,12.365969,Africa/Ouagadougou
361,科纳克里,Guinea,,-13.736055,9.537029,Africa/Conakry
362,班珠尔,Gambia,,-16.592626,13.455737,Africa/Banjul
363,比绍,Guinea-Bissau,,-15.598132,11.863558,Africa/Bissau
364,蒙罗维亚,Liberia,,-10.807284,6.290743,Africa/Monrovia
365,弗里敦,Sierra Leone,,-13.265153,8.465676,Africa/Freetown
366,尼亚美,Niger,,2.109832,13.515924,Africa/Niamey
367,洛美,Togo,,1.224774,6.137475,Africa/Lome
368,波多诺伏,Benin,,2.598102,6.476753,Africa/Porto-Novo
369,坎帕拉,Uganda,,32.58252,0.347596,Africa/Kampala
370,基加利,Rwanda,,30.060525,-1.970579,Africa/Kigali
371,布琼布拉,Burundi,,29.363869,-3.382778,Africa/Bujumbura
372,朱巴,South Sudan,,31.598463,4.858476,Africa/Juba
373,哈拉雷,Zimbabwe,,31.047299,-17.825166,Africa/Harare
374,卢萨卡,Zambia,,28.334014,-15.387526,Africa/Lusaka
375,利隆圭,Malawi,,33.776144,-13.990834,Africa/Blantyre
376,马普托,Mozambique,,32.573174,-25.969248,Africa/Maputo
377,罗安达,Angola,,13.234445,-8.839989,Africa/Luanda
378,金沙萨,DRC,,15.266299,-4.441931,Africa/Kinshasa
379,卢本巴希,DRC,,27.48,-11.66,Africa/Lubumbashi
380,喀土穆,Sudan,,32.559899,15.500654,Africa/Khartoum
381,阿斯马拉,Eritrea,,38.930556,15.333334,Africa/Asmara
382,吉布提,Djibouti,,43.145488,11.572077,Africa/Djibouti
383,摩加迪沙,Somalia,,45.318162,2.046934,Africa/Mogadishu
384,塔那那利佛,Madagascar,,47.507906,-18.87919,Indian/Antananarivo
385,路易港,Mauritius,,57.501873,-20.150802,Indian/Mauritius
386,维多利亚,Seychelles,,55.454031,-4.619143,Indian/Mahe
387,莫罗尼,Comoros,,43.255062,-11.717476,Indian/Comoro
388,温得和克,Namibia,,17.067534,-22.56088,Africa/Windhoek
389,哈博罗内,Botswana,,25.915109,-24.658336,Africa/Maputo
390,姆巴巴内,Eswatini,,31.138812,-26.305448,Africa/Johannesburg
391,马塞卢,Lesotho,,27.476559,-29.314339,Africa/Johannesburg
392,悉尼,Australia,New South Wales,151.2099,-33.865143,Australia/Sydney
393,墨尔本,Australia,Victoria,144.963058,-37.813628,Australia/Melbourne
394,布里斯班,Australia,Queensland,153.02501,-27.46977,Australia/Brisbane
395,珀斯,Australia,Western Australia,115.857503,-31.95224,Australia/Perth
396,阿德莱德,Australia,South Australia,138.600746,-34.928499,Australia/Adelaide
397,堪培拉,Australia,Australian Capital Territory,149.128684,-35.281999,Australia/Sydney
398,黄金海岸,Australia,Queensland,153.403079,-28.01726,Australia/Brisbane
399,达尔文,Australia,Northern Territory,130.843553,-12.462827,Australia/Darwin
400,霍巴特,Australia,Tasmania,147.324194,-42.880987,Australia/Hobart
401,纽卡斯尔,Australia,New South Wales,151.7747,-32.928382,Australia/Sydney
402,奥克兰,New Zealand,,174.768127,-36.84846,Pacific/Auckland
403,惠灵顿,New Zealand,,174.777969,-41.286461,Pacific/Auckland
404,基督城,New Zealand,,172.637363,-43.531456,Pacific/Auckland
405,莫尔兹比港,Papua New Guinea,,147.19924,-9.479058,Pacific/Port_Moresby
406,苏瓦,Fiji,,178.416319,-18.124809,Pacific/Fiji
407,霍尼亚拉,Solomon Islands,,159.962889,-9.445421,Pacific/Guadalcanal
408,维拉港,Vanuatu,,168.328678,-17.72894,Pacific/Efate
409,阿皮亚,Samoa,,-171.761986,-13.834043,Pacific/Apia
410,努库阿洛法,Tonga,,-175.20438,-21.139818,Pacific/Tongatapu
411,塔拉瓦,Kiribati,,173.017229,1.32777,Pacific/Tarawa
412,马朱罗,Marshall Islands,,171.189313,7.116421,Pacific/Majuro
413,帕利基尔,Micronesia,,158.161283,6.91631,Pacific/Pohnpei
414,亚伦,Nauru,,166.928311,-0.530334,Pacific/Nauru
415,富纳富提,Tuvalu,,179.188778,-8.521158,Pacific/Funafuti
416,努美阿,New Caledonia,,166.449299,-22.274748,Pacific/Noumea
417,帕皮提,French Polynesia,,-149.569388,-17.538008,Pacific/Tahiti
